{
  "providers": [
    {
      "type": "space",
      "advances": {
        ",": -1,
        " ": 0,
        "\ue000": 1,
        "\ue001": 2,
        "\ue002": 4,
        "\ue003": 8,
        "\ue004": 16,
        "\ue005": 32,
        "\ue006": 64,
        "\ue007": 128,
        "\ue008": 256,
        "\ue009": 512,
        "\ue00a": 1024,
        "\ue00b": 2048,
        "\ue010": 1,
        "\ue011": 0.5,
        "\ue012": 0.25,
        "\ue013": 0.125,
        "\ue014": 0.0625,
        "\ue015": 0.03125,
        "\ue016": 0.015625,
        "\ue100": -1,
        "\ue101": -2,
        "\ue102": -4,
        "\ue103": -8,
        "\ue104": -16,
        "\ue105": -32,
        "\ue106": -64,
        "\ue107": -128,
        "\ue108": -256,
        "\ue109": -512,
        "\ue10a": -1024,
        "\ue10b": -2048,
        "\ue110": -1,
        "\ue111": -0.5,
        "\ue112": -0.25,
        "\ue113": -0.125,
        "\ue114": -0.0625,
        "\ue115": -0.03125,
        "\ue116": -0.015625
      }
    },
    {
      "type": "space",
      "filter": {
        "uniform": false
      },
      "advances": {
        "\uf000": 0,
        "\uf001": 0,
        "\uf002": 0,
        "\uf003": 0,
        "\uf004": 0,
        "\uf005": 0,
        "\uf006": 0,
        "\uf007": 0,
        "\uf008": 0,
        "\uf009": 0,
        "\uf00a": 0,
        "\uf00b": 0,
        "\uf010": 0,
        "\uf011": 0,
        "\uf012": 0,
        "\uf013": 0,
        "\uf014": 0,
        "\uf015": 0,
        "\uf016": 0,
        "\uf100": 0,
        "\uf101": 0,
        "\uf102": 0,
        "\uf103": 0,
        "\uf104": 0,
        "\uf105": 0,
        "\uf106": 0,
        "\uf107": 0,
        "\uf108": 0,
        "\uf109": 0,
        "\uf10a": 0,
        "\uf10b": 0,
        "\uf110": 0,
        "\uf111": 0,
        "\uf112": 0,
        "\uf113": 0,
        "\uf114": 0,
        "\uf115": 0,
        "\uf116": 0
      }
    },
    {
      "type": "space",
      "filter": {
        "uniform": true
      },
      "advances": {
        "\uf000": 1,
        "\uf001": 2,
        "\uf002": 4,
        "\uf003": 8,
        "\uf004": 16,
        "\uf005": 32,
        "\uf006": 64,
        "\uf007": 128,
        "\uf008": 256,
        "\uf009": 512,
        "\uf00a": 1024,
        "\uf00b": 2048,
        "\uf010": 1,
        "\uf011": 0.5,
        "\uf012": 0.25,
        "\uf013": 0.125,
        "\uf014": 0.0625,
        "\uf015": 0.03125,
        "\uf016": 0.015625,
        "\uf100": -1,
        "\uf101": -2,
        "\uf102": -4,
        "\uf103": -8,
        "\uf104": -16,
        "\uf105": -32,
        "\uf106": -64,
        "\uf107": -128,
        "\uf108": -256,
        "\uf109": -512,
        "\uf10a": -1024,
        "\uf10b": -2048,
        "\uf110": -1,
        "\uf111": -0.5,
        "\uf112": -0.25,
        "\uf113": -0.125,
        "\uf114": -0.0625,
        "\uf115": -0.03125,
        "\uf116": -0.015625
      }
    }
  ]
}
